{
  "project_info": {
    "project_number": "461929611843",
    "project_id": "kashyapp-7ebdd",
    "storage_bucket": "kashyapp-7ebdd.appspot.com"
  },
  "client": [
    {
      "client_info": {
        "mobilesdk_app_id": "1:461929611843:android:1c176741758f79b8c0caf6",
        "android_client_info": {
          "package_name": "com.example.kashyapp1"
        }
      },
      "oauth_client": [
        {
          "client_id": "461929611843-i55b4bab3kvokmglooerhkj7abgrsdnf.apps.googleusercontent.com",
          "client_type": 3
        }
      ],
      "api_key": [
        {
          "current_key": "AIzaSyCTOfzAejAxm9tNajPLiH90Vb-JRyccydU"
        }
      ],
      "services": {
        "appinvite_service": {
          "other_platform_oauth_client": [
            {
              "client_id": "461929611843-i55b4bab3kvokmglooerhkj7abgrsdnf.apps.googleusercontent.com",
              "client_type": 3
            }
          ]
        }
      }
    }
  ],
  "configuration_version": "1"
}